_id,content,author,attach_files[0],attach_files[1],attach_files[2],attach_files[3],attach_files[4],created_at,updated_at,files.type,files.url[0],files.url[1],__v,scopte,scope,deleted_at,like_by[0],like_by[1],like_by[2],like_by[3],like_by[4],like_by[5],like_by[6],like_by[7],like_by[8],shared,originPost,comments[0],comments[1],comments[2],comments[3],comments[4],comments[5],comments[6],hashtag[0],mention,mention[0]
638ed2e0e0d3dbef73e9ea30,New post now!,634d65bdb3114411daa05050,638ed2e0e0d3dbef73e9ea2e,,,,,2022-12-06T05:28:00.253Z,2022-12-06T05:28:00.253Z,image,a,b,0,public,public,2022-12-25T08:40:30.736Z,,,,,,,,,,,,,,,,,,,,,
638ed5beda091445d918546a,New post now 1!,634d65bdb3114411daa05050,638ed5beda091445d9185468,,,,,2022-12-06T05:40:14.482Z,2022-12-06T05:40:14.483Z,,,,0,public,public,2022-12-25T16:46:56.832Z,,,,,,,,,,,,,,,,,,,,,
639001b65b5ab7eb3a9e07ee,Post v·ªõi formdata,634d65bdb3114411daa05050,639001b65b5ab7eb3a9e07ec,,,,,2022-12-07T03:00:06.780Z,2022-12-30T14:29:44.841Z,,,,0,public,public,2022-12-30T14:29:44.840Z,634d65bdb3114411daa05050,,,,,,,,,0,,,,,,,,,,,
6391f3158dc6cb783c3ebf2e,Post v·ªõi formdata,634d65bdb3114411daa05050,6391f3158dc6cb783c3ebf2c,,,,,2022-12-08T14:22:13.411Z,2022-12-08T14:22:13.412Z,,,,0,public,public,2022-12-27T07:05:32.064Z,,,,,,,,,,1,,,,,,,,,,,
63960ca797e2209652bfa451,share post,634d65bdb3114411daa05050,,,,,,2022-12-11T17:00:23.237Z,2022-12-30T14:29:33.914Z,,,,0,,public,2022-12-30T14:29:33.901Z,634d65bdb3114411daa05050,,,,,,,,,0,637ce338d7e77654df99d9c7,,,,,,,,,,
639fde5a148e50b9543f119e,share post c√≥ h√¨nh ·∫£nh,634d65bdb3114411daa05050,,,,,,2022-12-19T03:45:30.384Z,2022-12-19T03:45:30.387Z,,,,0,,public,,634d65bdb3114411daa05050,,,,,,,,,0,6391f3158dc6cb783c3ebf2e,,,,,,,,,,
63a7264e0c148cc302c20128,B√†i ƒëƒÉng m·ªõi,634682636cc4f8c15895d085,63a7264e0c148cc302c20126,,,,,2022-12-24T16:18:22.640Z,2022-12-24T16:18:22.641Z,,,,0,,public,,634d65bdb3114411daa05050,63a820b33b0e003e6e7cefc3,63b41947dc14a226f1d939ed,63a948b781178b4c4af8c6f5,,,,,,0,,63b2ecfa426a9df9124af396,,,,,,,,,
63a9378d9fe8aa7b0520c715,day la bai viet,63a0552a5e937730e63be0f8,,,,,,2022-12-26T05:56:29.974Z,2022-12-30T12:23:16.844Z,,,,0,,public,2022-12-30T12:23:16.844Z,634d65bdb3114411daa05050,63a0552a5e937730e63be0f8,,,,,,,,0,,63a97a669fe8aa7b0520cf2f,63aaa940d79f3a67b62677cb,63ac55b65ffcb5225c7ad6f2,,,,,,,
63a93d9d9fe8aa7b0520c786,bai viet,63a0552a5e937730e63be0f8,,,,,,2022-12-26T06:22:21.374Z,2022-12-30T12:23:19.406Z,,,,0,,public,2022-12-30T12:23:19.406Z,634d65bdb3114411daa05050,,,,,,,,,0,,,,,,,,,,,
63a944379fe8aa7b0520c847,ok,63a0552a5e937730e63be0f8,,,,,,2022-12-26T06:50:31.253Z,2022-12-30T12:23:14.868Z,,,,0,,public,2022-12-30T12:23:14.867Z,634d65bdb3114411daa05050,,,,,,,,,0,,,,,,,,,,,
63a9461281178b4c4af8c554,Javasript is weird,63a944be81178b4c4af8c4fa,63a9461281178b4c4af8c552,,,,,2022-12-26T06:58:26.963Z,2022-12-26T06:58:26.964Z,,,,0,,public,,634d65bdb3114411daa05050,63a944be81178b4c4af8c4fa,,,,,,,,0,,,,,,,,,,,
63a9467281178b4c4af8c56e,I'm the most popular programing language üòä,63a944be81178b4c4af8c4fa,63a9467281178b4c4af8c56c,,,,,2022-12-26T07:00:02.795Z,2022-12-26T07:00:02.796Z,,,,0,,public,,63a944be81178b4c4af8c4fa,634d65bdb3114411daa05050,63a821083b0e003e6e7cefd8,63a8243b3b0e003e6e7cf0a3,63a820b33b0e003e6e7cefc3,,,,,0,,63a98f46403d59ac1080fe68,,,,,,,,,
63a955fb645610fe5c4f364a,10 Frameworks t·ªët nh·∫•t hi·ªán nay cho PHP Laravel. Symfony. CodeIgniter. Yii 2. Phalcon. CakePHP. Zend Framework. Slim.,63a9471281178b4c4af8c627,63a955f9645610fe5c4f3646,63a955fb645610fe5c4f3648,,,,2022-12-26T08:06:19.587Z,2022-12-26T08:06:19.587Z,,,,0,,public,,634d65bdb3114411daa05050,63a9471281178b4c4af8c627,,,,,,,,0,,,,,,,,,,,
63a96a259fe8aa7b0520ccb2,gfgf,63a0552a5e937730e63be0f8,,,,,,2022-12-26T09:32:21.961Z,2022-12-29T03:23:31.184Z,,,,0,,public,2022-12-29T03:23:31.175Z,634d65bdb3114411daa05050,63a0552a5e937730e63be0f8,,,,,,,,0,,63aab2e1d79f3a67b6267870,63aab327d79f3a67b6267882,,,,,,,,
63a96a4e9fe8aa7b0520ccc2,hhh,63a0552a5e937730e63be0f8,,,,,,2022-12-26T09:33:02.870Z,2022-12-30T12:23:07.377Z,,,,0,,public,2022-12-30T12:23:07.374Z,,,,,,,,,,0,,,,,,,,,,,
63a96af59fe8aa7b0520cd0c,fgfgf,63a0552a5e937730e63be0f8,,,,,,2022-12-26T09:35:49.035Z,2022-12-29T06:37:06.265Z,,,,0,,public,2022-12-29T06:37:06.257Z,63a0552a5e937730e63be0f8,634d65bdb3114411daa05050,,,,,,,,0,,,,,,,,,,,
63a974979fe8aa7b0520cdba,erer,63a0552a5e937730e63be0f8,,,,,,2022-12-26T10:16:55.611Z,2022-12-27T16:48:40.637Z,,,,0,,public,2022-12-27T16:48:40.636Z,63a0552a5e937730e63be0f8,,,,,,,,,0,,,,,,,,,,,
63a974c59fe8aa7b0520cde2,fdfd,63a0552a5e937730e63be0f8,,,,,,2022-12-26T10:17:41.599Z,2022-12-27T16:48:41.457Z,,,,0,,public,2022-12-27T16:48:41.456Z,,,,,,,,,,0,,,,,,,,,,,
63aa7411c3232965e38bd87e,React is the most popular Javascript for frontend,63a944be81178b4c4af8c4fa,,,,,,2022-12-27T04:26:57.374Z,2022-12-27T16:53:47.740Z,,,,0,,public,2022-12-27T16:53:47.740Z,,,,,,,,,,0,,,,,,,,,,,
63aa746dc3232965e38bd8bb,"Next. js 13 is the newest version, released by Vercel at the Next. js conference in October 2022. It brings a slew of new features, including a bundler called Turbopack and support for several React-incubated optimizations like React Server Components and streaming rendering.",63a944be81178b4c4af8c4fa,63aa746dc3232965e38bd8b9,,,,,2022-12-27T04:28:29.844Z,2022-12-27T04:28:29.844Z,,,,0,,public,,63a944be81178b4c4af8c4fa,634d65bdb3114411daa05050,,,,,,,,0,,63b415c0dc14a226f1d937cf,6442579d2fdd0a28ba7a1f7f,,,,,,,,
63aaa5a43a8088b653cc8287,Play again Bayern,63a820de3b0e003e6e7cefd2,63aaa5a43a8088b653cc8285,,,,,2022-12-27T07:58:28.724Z,2022-12-27T07:58:28.724Z,,,,0,,public,,63a820de3b0e003e6e7cefd2,63a824b53b0e003e6e7cf116,63a948b781178b4c4af8c6f5,63a821083b0e003e6e7cefd8,634d65bdb3114411daa05050,63a820b33b0e003e6e7cefc3,,,,0,,63aaa5d23a8088b653cc82b9,63aecba408c1ecb8cfa66844,,,,,,,,
63aaa72e3a8088b653cc8359,YAHHHHHHHHH!!!!!!!!!!!!!!!!!1111,63a821083b0e003e6e7cefd8,,,,,,2022-12-27T08:05:02.124Z,2022-12-27T08:05:02.124Z,,,,0,,public,,63a821083b0e003e6e7cefd8,634d65bdb3114411daa05050,,,,,,,,0,,,,,,,,,,,
63aaa8223a8088b653cc83f5,MIA SAN MIA,63a824b53b0e003e6e7cf116,,,,,,2022-12-27T08:09:06.115Z,2022-12-28T09:11:04.949Z,,,,0,,public,2022-12-28T09:11:04.948Z,63a821083b0e003e6e7cefd8,634d65bdb3114411daa05050,,,,,,,,0,,63ac0a112f8c9a36ce1732e9,,,,,,,,,
63ac07e439c3fcd1088f5f5d,"Keep up, my manüí™",63a821083b0e003e6e7cefd8,,,,,,2022-12-28T09:09:56.233Z,2022-12-28T09:09:56.235Z,,,,0,,public,,63a821083b0e003e6e7cefd8,634d65bdb3114411daa05050,,,,,,,,0,,,,,,,,,,,
63ac086939c3fcd1088f603d,MIA MIA SAN!!!,63a824b53b0e003e6e7cf116,,,,,,2022-12-28T09:12:09.541Z,2022-12-28T09:12:09.542Z,,,,0,,public,,63a824b53b0e003e6e7cf116,63a821083b0e003e6e7cefd8,634d65bdb3114411daa05050,63a8243b3b0e003e6e7cf0a3,63a820b33b0e003e6e7cefc3,63a948b781178b4c4af8c6f5,,,,0,,63ac0a3e2f8c9a36ce17332d,63ac0e36e8db9f0f04ff2745,64927a7b4542f47660dbeff9,,,,,,,
63ac0ed6e8db9f0f04ff27d8,"Django is a high-level Python web framework that encourages rapid development and clean, pragmatic design. Built by experienced developers, it takes care of much of the hassle of web development, so you can focus on writing your app without needing to reinvent the wheel. It‚Äôs free and open source.",63a948b781178b4c4af8c6f5,,,,,,2022-12-28T09:39:34.130Z,2022-12-28T09:40:03.684Z,,,,0,,public,2022-12-28T09:40:03.683Z,,,,,,,,,,0,,,,,,,,,,,
63ac0ee1e8db9f0f04ff27ff,"Django is a high-level Python web framework that encourages rapid development and clean, pragmatic design. Built by experienced developers, it takes care of much of the hassle of web development, so you can focus on writing your app without needing to reinvent the wheel. It‚Äôs free and open source.",63a948b781178b4c4af8c6f5,63ac0ee1e8db9f0f04ff27fd,,,,,2022-12-28T09:39:45.230Z,2022-12-28T09:39:45.230Z,,,,0,,public,,634d65bdb3114411daa05050,63a821083b0e003e6e7cefd8,,,,,,,,0,,63ac0f2de8db9f0f04ff28d3,63aed88d1f6c94f749715e5e,645a3a9a04202224502752d1,,,,,,,
63ac13868c0179c516f48438,NodeJS l√† m·ªôt n·ªÅn t·∫£ng ƒë∆∞·ª£c x√¢y d·ª±ng tr√™n ‚ÄúV8 Javascript engine‚Äù ƒë∆∞·ª£c vi·∫øt b·∫±ng c++ v√† Javascript. N·ªÅn t·∫£ng n√†y ƒë∆∞·ª£c ph√°t tri·ªÉn b·ªüi Ryan Lienhart Dahl v√†o nƒÉm 2009.,634d65bdb3114411daa05050,63ac13868c0179c516f48435,,,,,2022-12-28T09:59:34.892Z,2023-01-03T08:25:32.989Z,,,,0,,public,2023-01-03T08:25:32.987Z,634d65bdb3114411daa05050,63a820b33b0e003e6e7cefc3,,,,,,,,0,,,,,,,,,,,
63ac184c347c4e988c6eafc5,This is ...,63a944be81178b4c4af8c4fa,,,,,,2022-12-28T10:19:56.030Z,2022-12-29T09:36:24.950Z,,,,0,,public,2022-12-29T09:36:24.947Z,63a944be81178b4c4af8c4fa,634d65bdb3114411daa05050,,,,,,,,0,,63ac2a815ffcb5225c7acd7d,,,,,,,,,
63ac2a8eab8f99e405879e71,Python,63a948b781178b4c4af8c6f5,,,,,,2022-12-28T11:37:50.945Z,2022-12-28T12:10:52.668Z,,,,0,,public,,634d65bdb3114411daa05050,,,,,,,,,1,,645ee6669b3a5e77ae2e7d43,,,,,,,,,
63ac353e209c953a7488be90,Share,63a948b781178b4c4af8c6f5,,,,,,2022-12-28T12:23:26.040Z,2022-12-28T12:23:26.042Z,,,,0,,public,,63a948b781178b4c4af8c6f5,63a821083b0e003e6e7cefd8,,,,,,,,0,63ac2a8eab8f99e405879e71,,,,,,,,,,
63ac6195240b5d7e61758f04,Python backend Framework,63a948b781178b4c4af8c6f5,63ac6191240b5d7e61758efe,63ac6193240b5d7e61758f00,63ac6195240b5d7e61758f02,,,2022-12-28T15:32:37.270Z,2022-12-28T15:32:37.270Z,,,,0,,public,,63a821083b0e003e6e7cefd8,634d65bdb3114411daa05050,,,,,,,,0,,,,,,,,,,,
63ac6654f236485c7a3eb9b8,Javascript Framework for Front end,63a944be81178b4c4af8c4fa,63ac664cf236485c7a3eb9b0,63ac6650f236485c7a3eb9b2,63ac6653f236485c7a3eb9b4,63ac6654f236485c7a3eb9b6,,2022-12-28T15:52:52.813Z,2023-01-01T09:42:57.228Z,,,,0,,public,2023-01-01T09:42:57.227Z,634d65bdb3114411daa05050,,,,,,,,,0,,,,,,,,,,,
63ad63b7cd4f62c2f249fdab,Danke,63a821083b0e003e6e7cefd8,63ad63b7cd4f62c2f249fda9,,,,,2022-12-29T09:53:59.279Z,2022-12-29T09:53:59.280Z,,,,0,,public,,63a821083b0e003e6e7cefd8,634d65bdb3114411daa05050,63a820b33b0e003e6e7cefc3,63a948b781178b4c4af8c6f5,,,,,,0,,63aecb7908c1ecb8cfa667c6,,,,,,,,,
63aec834ef3fa2c90b91381d,Danke,63a944be81178b4c4af8c4fa,63aec834ef3fa2c90b91381b,,,,,2022-12-30T11:15:00.177Z,2022-12-30T11:15:00.177Z,,,,0,,public,,63a821083b0e003e6e7cefd8,634d65bdb3114411daa05050,63a8243b3b0e003e6e7cf0a3,63a824b53b0e003e6e7cf116,63a944be81178b4c4af8c4fa,63a820b33b0e003e6e7cefc3,63a824703b0e003e6e7cf0fa,63a0552a5e937730e63be0f8,63a948b781178b4c4af8c6f5,0,,649279ef4542f47660dbeff4,,,,,,,,,
63aec96bef3fa2c90b9138c2,Cre: kekeflipnote,634d65bdb3114411daa05050,63aec96aef3fa2c90b9138c0,,,,,2022-12-30T11:20:11.015Z,2023-01-03T09:42:15.156Z,,,,0,,public,2023-01-03T09:42:15.155Z,63a821083b0e003e6e7cefd8,634d65bdb3114411daa05050,63a820b33b0e003e6e7cefc3,,,,,,,0,,,,,,,,,,,
63aed48a713d657d7d30297a,"<span style=""color: rgb(189, 193, 198); font-family: arial, sans-serif; font-size: 16px; background-color: rgb(32, 33, 36);"">PHP is a server-side scripting language embedded in HTML in its simplest form.&nbsp;</span><b style=""color: rgb(189, 193, 198); font-family: arial, sans-serif; font-size: 16px; background-color: rgb(32, 33, 36);"">PHP allows web developers to create dynamic content and interact with databases</b><span style=""color: rgb(189, 193, 198); font-family: arial, sans-serif; font-size: 16px; background-color: rgb(32, 33, 36);"">. PHP is known for its simplicity, speed, and flexibility ‚Äî features that have made it a cornerstone in the web development world.</span><br>",63a9471281178b4c4af8c627,,,,,,2022-12-30T12:07:38.807Z,2022-12-30T12:07:55.323Z,,,,0,,public,2022-12-30T12:07:55.323Z,,,,,,,,,,0,,,,,,,,,,,
63aed4ac713d657d7d30299c,"PHP is a server-side scripting language embedded in HTML in its simplest form. PHP allows web developers to create dynamic content and interact with databases. PHP is known for its simplicity, speed, and flexibility ‚Äî features that have made it a cornerstone in the web development world.",63a9471281178b4c4af8c627,,,,,,2022-12-30T12:08:12.479Z,2022-12-30T12:08:12.479Z,,,,0,,public,,63a9471281178b4c4af8c627,63a820b33b0e003e6e7cefc3,634d65bdb3114411daa05050,63a948b781178b4c4af8c6f5,,,,,,0,,63b5240bc7855742c870a4e3,,,,,,,,,
63b1542f1a5019c045ae77d9,Manchester City,63a8243b3b0e003e6e7cf0a3,,,,,,2023-01-01T09:36:47.388Z,2023-01-01T09:37:03.619Z,,,,0,,public,2023-01-01T09:37:03.619Z,,,,,,,,,,0,,,,,,,,,,,
63b154331a5019c045ae77db,Manchester City,63a8243b3b0e003e6e7cf0a3,,,,,,2023-01-01T09:36:51.490Z,2023-01-01T09:37:09.288Z,,,,0,,public,2023-01-01T09:37:09.288Z,,,,,,,,,,0,,,,,,,,,,,
63b154801a5019c045ae780b,Manchester City,63a8243b3b0e003e6e7cf0a3,63b154801a5019c045ae7809,,,,,2023-01-01T09:38:08.363Z,2023-01-01T09:38:08.365Z,,,,0,,public,,63a8243b3b0e003e6e7cf0a3,63a821083b0e003e6e7cefd8,63a824b53b0e003e6e7cf116,63a824703b0e003e6e7cf0fa,63a820b33b0e003e6e7cefc3,634d65bdb3114411daa05050,63a948b781178b4c4af8c6f5,,,0,,6439291d87071108b8a8b8fc,,,,,,,,,
63b1555f1a5019c045ae7984,"Socket.IO is a library that enables low-latency, bidirectional and event-based communication between a client and a server. It is built on top of the WebSocket protocol and provides additional guarantees like fallback to HTTP long-polling or automatic reconnection.",63a944be81178b4c4af8c4fa,63b1555f1a5019c045ae7982,,,,,2023-01-01T09:41:51.416Z,2023-01-01T09:41:51.417Z,,,,0,,public,,63a8243b3b0e003e6e7cf0a3,634d65bdb3114411daa05050,63a944be81178b4c4af8c4fa,63a0552a5e937730e63be0f8,63a820b33b0e003e6e7cefc3,,,,,0,,63b27a7da12e6405da613d01,,,,,,,,,
63b27840a12e6405da613c22,day la bai viet,63a0552a5e937730e63be0f8,,,,,,2023-01-02T06:22:56.695Z,2023-01-02T13:56:53.463Z,,,,0,,public,2023-01-02T13:56:53.462Z,634d65bdb3114411daa05050,63a0552a5e937730e63be0f8,63a820b33b0e003e6e7cefc3,,,,,,,0,,63b2799ba12e6405da613c7e,,,,,,,,,
63b2e16a426a9df9124af071,Good day,63a820b33b0e003e6e7cefc3,63b2e16a426a9df9124af06f,,,,,2023-01-02T13:51:38.369Z,2023-01-02T13:51:38.369Z,,,,0,,public,,63a8243b3b0e003e6e7cf0a3,6355536111e768b93479d6a9,63a818253b0e003e6e7cef92,63a824b53b0e003e6e7cf116,63a824703b0e003e6e7cf0fa,634d65bdb3114411daa05050,63a948b781178b4c4af8c6f5,,,0,,63b2e252426a9df9124af249,63b2ed1a426a9df9124af3df,63b2ed23426a9df9124af3e9,,,,,,,
63b2e1f29d5158f18c1906b9,bai viet,63a0552a5e937730e63be0f8,,,,,,2023-01-02T13:53:54.704Z,2023-01-02T13:56:45.787Z,,,,0,,public,2023-01-02T13:56:45.785Z,,,,,,,,,,0,,,,,,,,,,,
63b2e2c49d5158f18c1907c8,bai viet,63a0552a5e937730e63be0f8,63b2e2c39d5158f18c1907c6,,,,,2023-01-02T13:57:24.004Z,2023-01-02T14:06:45.165Z,,,,0,,public,2023-01-02T14:06:45.163Z,63a0552a5e937730e63be0f8,,,,,,,,,0,,,,,,,,,,,
63b2e43a9d5158f18c19086d,B√†i vi·∫øt,63a0552a5e937730e63be0f8,63b2e43a9d5158f18c19086b,,,,,2023-01-02T14:03:38.456Z,2023-01-02T14:06:42.232Z,,,,0,,public,2023-01-02T14:06:42.230Z,,,,,,,,,,0,,,,,,,,,,,
63b2e52f9d5158f18c19098b,"<div>üîùBestüßü Zombie Mobile game is on PC now!‚è∞How long can you last in this ZOMBIE world?üÜò</div><div><br></div><div>‚öîCrush the zombie, Build your Empire. üè∞</div><div>‚è∞777 Prize DrawsÔºåFree Now! üéÆ</div>",63a0552a5e937730e63be0f8,63b2e52f9d5158f18c190989,,,,,2023-01-02T14:07:43.343Z,2023-01-02T14:08:04.248Z,,,,0,,public,2023-01-02T14:08:04.247Z,,,,,,,,,,0,,,,,,,,,,,
63b2e57e9d5158f18c1909f0,"<span style=""color: rgb(15, 20, 25); font-family: TwitterChirp, -apple-system, BlinkMacSystemFont, &quot;Segoe UI&quot;, Roboto, Helvetica, Arial, sans-serif; font-size: 23px; white-space: pre-wrap;"">After a failed coding interview, how do you move on?</span>üòÖ",63a0552a5e937730e63be0f8,63b2e57e9d5158f18c1909ee,,,,,2023-01-02T14:09:02.194Z,2023-01-02T14:09:12.503Z,,,,0,,public,2023-01-02T14:09:12.502Z,,,,,,,,,,0,,,,,,,,,,,
63b2e5a79d5158f18c190a2a,"After a failed coding interview, how do you move on?üòÖ",63a0552a5e937730e63be0f8,63b2e5a79d5158f18c190a28,,,,,2023-01-02T14:09:43.783Z,2023-01-02T14:09:43.784Z,,,,0,,public,,634d65bdb3114411daa05050,,,,,,,,,0,,643ca453d029167788e54a62,,,,,,,,,
63b2eb369d5158f18c190d23,ƒê√¢y l√† b√†i vi·∫øt c√≥ video,63a0552a5e937730e63be0f8,63b2eb359d5158f18c190d21,,,,,2023-01-02T14:33:26.008Z,2023-01-02T14:40:30.332Z,,,,0,,public,2023-01-02T14:40:30.330Z,,,,,,,,,,0,,,,,,,,,,,
63b2ec1c426a9df9124af2f5,test,63a820b33b0e003e6e7cefc3,63b2ec1c426a9df9124af2f3,,,,,2023-01-02T14:37:16.118Z,2023-01-02T14:38:12.380Z,,,,0,,public,2023-01-02T14:38:12.380Z,,,,,,,,,,0,,,,,,,,,,,
63b2ec23426a9df9124af2f9,test,63a820b33b0e003e6e7cefc3,63b2ec23426a9df9124af2f7,,,,,2023-01-02T14:37:23.901Z,2023-01-02T14:37:23.901Z,,,,0,,public,,,,,,,,,,,0,,,,,,,,,,,
63b2ec339d5158f18c190e5c,ƒê√¢y l√† b√†i vi·∫øt c√≥ h√¨nh,63a0552a5e937730e63be0f8,63b2ec339d5158f18c190e5a,,,,,2023-01-02T14:37:39.101Z,2023-01-02T14:37:39.102Z,,,,0,,public,,634d65bdb3114411daa05050,63a0552a5e937730e63be0f8,,,,,,,,0,,,,,,,,,,,
63b2ec559d5158f18c190e94,ƒê√¢y l√† b√†i vi·∫øt c√≥ video,63a0552a5e937730e63be0f8,63b2ec559d5158f18c190e92,,,,,2023-01-02T14:38:13.528Z,2023-01-02T14:38:13.530Z,,,,0,,public,,634d65bdb3114411daa05050,,,,,,,,,0,,63bb87329cb6dd8af8041453,,,,,,,,,
63b3e5ac47dec5d88ed7d041,b√†i m·ªõi,634d65bdb3114411daa05050,,,,,,2023-01-03T08:22:04.918Z,2023-01-03T08:22:11.567Z,,,,0,,public,2023-01-03T08:22:11.566Z,,,,,,,,,,0,,,,,,,,,,,
63b3e6f10d6134f1882edb91,ü™ë,63a824703b0e003e6e7cf0fa,63b3e6f10d6134f1882edb8f,,,,,2023-01-03T08:27:29.281Z,2023-01-03T08:45:34.567Z,,,,0,,public,2023-01-03T08:45:34.563Z,,,,,,,,,,0,,63b3e78f0d6134f1882edcd0,,,,,,,,,
63b3ef1bf9003932f701902a,acc,63a824703b0e003e6e7cf0fa,,,,,,2023-01-03T09:02:19.513Z,2023-01-03T09:02:19.515Z,,,,0,,public,,,,,,,,,,,0,,63b3ef1ef9003932f7019032,63b3f38fb94a28d8802977e6,,,,,,,,
63b3f9100d7d257ad81b4526,"Calvin Harris - Feels (Official Video) ft. Pharrell Williams, Katy Perry, Big Sean",634d65bdb3114411daa05050,63b3f9100d7d257ad81b4524,,,,,2023-01-03T09:44:48.584Z,2023-01-03T09:44:48.584Z,,,,0,,public,,63a821083b0e003e6e7cefd8,63a824b53b0e003e6e7cf116,63a818253b0e003e6e7cef92,63a820b33b0e003e6e7cefc3,6355536111e768b93479d6a9,63a8243b3b0e003e6e7cf0a3,634d65bdb3114411daa05050,63a948b781178b4c4af8c6f5,,0,,63b3f9480d7d257ad81b4597,63b6e2a4579980924367cf36,646b392d2df2e2c331d0bcdc,,,,,,,
63b406f54ba5bec3776e6680,Private post,63a824703b0e003e6e7cf0fa,,,,,,2023-01-03T10:44:05.623Z,2023-01-03T10:44:05.626Z,,,,0,,private,,,,,,,,,,,0,,,,,,,,,,,
63b6e274579980924367cec3,üëåOkela,634d65bdb3114411daa05050,63b6e274579980924367cec1,,,,,2023-01-05T14:45:08.725Z,2023-01-05T14:45:08.725Z,,,,0,,public,,634d65bdb3114411daa05050,,,,,,,,,0,,,,,,,,,,,
63bb87949cb6dd8af804148c,bai vietüòçüòúüòÜ,63a0552a5e937730e63be0f8,63bb87949cb6dd8af804148a,,,,,2023-01-09T03:18:44.503Z,2023-01-09T03:18:44.504Z,,,,0,,public,,63a0552a5e937730e63be0f8,634d65bdb3114411daa05050,,,,,,,,0,,63d7d9051c449977fb2e38de,,,,,,,,,
63d7d9841c449977fb2e396d,bai viet,63a0552a5e937730e63be0f8,63d7d9841c449977fb2e396b,,,,,2023-01-30T14:51:48.209Z,2023-01-30T14:51:48.210Z,,,,0,,public,,634d65bdb3114411daa05050,63a0552a5e937730e63be0f8,,,,,,,,0,,643fac8f5be878be2b9767ce,,,,,,,,,
642ffff3195b5aa6a2b22ba7,Private post,634d65bdb3114411daa05050,642ffff2195b5aa6a2b22ba3,642ffff3195b5aa6a2b22ba5,,,,2023-04-07T11:35:15.858Z,2023-04-07T11:35:15.859Z,,,,0,,public,,634d65bdb3114411daa05050,,,,,,,,,0,,,,,,,,,,,
64303333bc1de9fbf80f937d,·∫•cccs,634d65bdb3114411daa05050,,,,,,2023-04-07T15:13:55.260Z,2023-04-07T15:13:55.285Z,,,,0,,public,,634d65bdb3114411daa05050,,,,,,,,,0,,,,,,,,,,,
6430335fbc1de9fbf80f937f,·∫•cccs,634d65bdb3114411daa05050,,,,,,2023-04-07T15:14:39.093Z,2023-04-07T15:14:39.094Z,,,,0,,public,,634d65bdb3114411daa05050,,,,,,,,,0,,,,,,,,,,,
64303670bc1de9fbf80f9437,Bai viet,634d65bdb3114411daa05050,,,,,,2023-04-07T15:27:44.981Z,2023-04-07T15:27:44.981Z,,,,0,,public,,634d65bdb3114411daa05050,,,,,,,,,0,,6439250c87071108b8a8b7c4,,,,,,,,,
6430376dbc1de9fbf80f9499,ALo,634d65bdb3114411daa05050,,,,,,2023-04-07T15:31:57.895Z,2023-04-07T15:31:57.895Z,,,,0,,public,,634d65bdb3114411daa05050,,,,,,,,,0,,,,,,,,,,,
64303999bc1de9fbf80f94cf,Post,634d65bdb3114411daa05050,64303999bc1de9fbf80f94cd,,,,,2023-04-07T15:41:13.202Z,2023-04-07T15:41:13.202Z,,,,0,,public,,634d65bdb3114411daa05050,,,,,,,,,0,,6439fcfc92e82172d7fc5e7b,643a218f4bd9627989236c90,,,,,,,,
64304196bc1de9fbf80f9589,ACMLAC,634d65bdb3114411daa05050,,,,,,2023-04-07T16:15:18.901Z,2023-04-07T16:15:18.908Z,,,,0,,public,,,,,,,,,,,0,,643a00bf92e82172d7fc601c,,,,,,,,,
6430422cbc1de9fbf80f966f,ac,634d65bdb3114411daa05050,,,,,,2023-04-07T16:17:48.272Z,2023-04-07T16:17:48.272Z,,,,0,,public,,634d65bdb3114411daa05050,,,,,,,,,0,,,,,,,,,,,
6430439bbc1de9fbf80f96e5,acc√°c,634d65bdb3114411daa05050,,,,,,2023-04-07T16:23:55.071Z,2023-04-07T16:23:55.071Z,,,,0,,public,,634d65bdb3114411daa05050,,,,,,,,,0,,,,,,,,,,,
6430444dbc1de9fbf80f96e7,c·∫•cc,634d65bdb3114411daa05050,,,,,,2023-04-07T16:26:53.478Z,2023-04-07T16:26:53.479Z,,,,0,,public,,634d65bdb3114411daa05050,,,,,,,,,0,,,,,,,,,,,
643098ed75c877a6f61c3a67,testing,634d65bdb3114411daa05050,,,,,,2023-04-07T22:27:57.494Z,2023-04-07T22:27:57.497Z,,,,0,,public,,634d65bdb3114411daa05050,,,,,,,,,0,,6430a65204e97d55241efe5c,,,,,,,,,
64309cb1b1675e27839fab38, vguh,634d65bdb3114411daa05050,64309cb1b1675e27839fab36,,,,,2023-04-07T22:44:01.473Z,2023-04-07T22:44:01.474Z,,,,0,,public,,634d65bdb3114411daa05050,,,,,,,,,0,,6430a6add0f7b9548de0ec8b,6430a75cd0f7b9548de0eccd,6430a7c926a4648c6ce55a4d,6430a7fd26a4648c6ce55a91,6430a92ab72718213185e6f3,6437c7029a7cad86da77bc1e,,,,
64398447e0139944bda415a4,Lol,634d65bdb3114411daa05050,64398447e0139944bda415a2,,,,,2023-04-14T16:50:15.300Z,2023-04-14T16:50:15.301Z,,,,0,,public,,634d65bdb3114411daa05050,,,,,,,,,0,,64a43d290ca414252c0c23f0,,,,,,,,,
64398557e0139944bda41633,MC,634d65bdb3114411daa05050,,,,,,2023-04-14T16:54:47.390Z,2023-04-14T16:54:47.391Z,,,,0,,public,,634d65bdb3114411daa05050,,,,,,,,,0,,,,,,,,,,,
6439862ad031c2c59fd3fe05,MC,634d65bdb3114411daa05050,,,,,,2023-04-14T16:58:18.102Z,2023-04-14T16:58:18.107Z,,,,0,,public,,634d65bdb3114411daa05050,63552666506fee74687ceca6,,,,,,,,0,,6439de56c3047c5c07723194,643bf5110f24f7aed44abfce,644390a4c8017298712d707c,,,,,,,
6439f0640a9099157ccd3d75,B√†i vi·∫øt m·ªõi,634d65bdb3114411daa05050,,,,,,2023-04-15T00:31:32.306Z,2023-04-15T00:31:32.314Z,,,,0,,public,,634d65bdb3114411daa05050,63a0552a5e937730e63be0f8,63552666506fee74687ceca6,,,,,,,0,,643bf31b0f24f7aed44abf41,,,,,,,,,
643d45b2ab507074d37f41ed,Dancing duck,6355536111e768b93479d6a9,,,,,,2023-04-17T13:12:18.106Z,2023-04-17T13:12:18.108Z,,,,0,,public,,,,,,,,,,,0,,,,,,,,,,,
643d45c655a5a0251b31c301,Dancing duck,6355536111e768b93479d6a9,,,,,,2023-04-17T13:12:38.842Z,2023-04-17T13:12:38.848Z,,,,0,,public,,,,,,,,,,,0,,,,,,,,,,,
643d477557eaded93b0b13f7,Dancing duck,6355536111e768b93479d6a9,,,,,,2023-04-17T13:19:49.865Z,2023-04-17T13:19:49.868Z,,,,0,,public,,,,,,,,,,,0,,,,,,,,,,,
643d47bd24e80e9f34dd43fd,Dancing duck,6355536111e768b93479d6a9,,,,,,2023-04-17T13:21:01.350Z,2023-04-17T13:21:01.353Z,,,,0,,public,,,,,,,,,,,0,,,,,,,,,,,
643d48a024e80e9f34dd4405,"Laravel is a web application framework with expressive, elegant syntax. We‚Äôve already laid the foundation ‚Äî freeing you to create without sweating the small things.",63a9471281178b4c4af8c627,643d48a024e80e9f34dd4403,,,,,2023-04-17T13:24:48.650Z,2023-04-17T13:24:48.650Z,,,,0,,public,,634d65bdb3114411daa05050,,,,,,,,,0,,,,,,,,,,,
643d5baa8dba0e7be7ae1d18,"Laravel is a web application framework with expressive, elegant syntax. We‚Äôve already laid the foundation ‚Äî freeing you to create without sweating the small things.",634d65bdb3114411daa05050,643d5ba98dba0e7be7ae1d14,643d5baa8dba0e7be7ae1d16,,,,2023-04-17T14:46:02.869Z,2023-04-17T14:46:02.870Z,,,,0,,public,,634d65bdb3114411daa05050,,,,,,,,,0,,643f5afb7f52d54abc206f84,,,,,,,,,
643d5bf58dba0e7be7ae1d24,PHP üÖøÔ∏è,63a9471281178b4c4af8c627,,,,,,2023-04-17T14:47:17.696Z,2023-04-17T14:47:17.697Z,,,,0,,public,,634d65bdb3114411daa05050,,,,,,,,,0,,,,,,,,,,,
643f59617f52d54abc206ed6,Puhsing üÖøÔ∏è,63a9471281178b4c4af8c627,,,,,,2023-04-19T03:00:49.510Z,2023-04-19T03:00:49.514Z,,,,0,,public,,634d65bdb3114411daa05050,63a0552a5e937730e63be0f8,,,,,,,,0,,643f61807f52d54abc20723c,643f61e77f52d54abc207250,643fac675be878be2b9767a2,643facbe5be878be2b976826,,,,,,
643face65be878be2b97684a,pray,634d65bdb3114411daa05050,643face65be878be2b976848,,,,,2023-04-19T08:57:10.776Z,2023-04-19T08:57:10.777Z,,,,0,,public,,634d65bdb3114411daa05050,,,,,,,,,0,,643fb0a95be878be2b976976,,,,,,,,,
64438995e104b7681db9656b,jok,634d65bdb3114411daa05050,64438995e104b7681db96569,,,,,2023-04-22T07:15:33.365Z,2023-04-22T07:15:33.366Z,,,,0,,public,,,,,,,,,,,0,,,,,,,,,,,
64438997e104b7681db96576,jok,634d65bdb3114411daa05050,64438997e104b7681db96574,,,,,2023-04-22T07:15:35.375Z,2023-04-22T07:15:35.375Z,,,,0,,public,,,,,,,,,,,0,,,,,,,,,,,
6443de3ba953b66cd329fddb,jaian,634d65bdb3114411daa05050,6443de3ba953b66cd329fdd9,,,,,2023-04-22T13:16:43.225Z,2023-04-22T13:16:43.225Z,,,,0,,public,,634d65bdb3114411daa05050,,,,,,,,,0,,,,,,,,,,,
6444d26110f4465d946409c4,post,63a9471281178b4c4af8c627,,,,,,2023-04-23T06:38:25.767Z,2023-04-23T06:38:25.768Z,,,,0,,public,,,,,,,,,,,0,,6444d28c10f4465d946409fc,,,,,,,,,
6444fb0b2a282b34f1f0b770,shaaaa,634d65bdb3114411daa05050,6444fb0b2a282b34f1f0b76e,,,,,2023-04-23T09:31:55.816Z,2023-04-23T09:31:55.816Z,,,,0,,public,,,,,,,,,,,0,,,,,,,,,,,
6444fb0d2a282b34f1f0b77b,shaaaa,634d65bdb3114411daa05050,6444fb0d2a282b34f1f0b779,,,,,2023-04-23T09:31:57.084Z,2023-04-23T09:31:57.085Z,,,,0,,public,,,,,,,,,,,0,,,,,,,,,,,
6444fb462a282b34f1f0b798,lpl,634d65bdb3114411daa05050,6444fb452a282b34f1f0b796,,,,,2023-04-23T09:32:54.006Z,2023-04-23T09:32:54.009Z,,,,0,,public,,,,,,,,,,,0,,,,,,,,,,,
6444fcee2a282b34f1f0b7cd,fgh,634d65bdb3114411daa05050,,,,,,2023-04-23T09:39:58.370Z,2023-04-23T09:39:58.370Z,,,,0,,public,,,,,,,,,,,0,,,,,,,,,,,
6444fe572a282b34f1f0b814,yhgg,634d65bdb3114411daa05050,6444fe572a282b34f1f0b812,,,,,2023-04-23T09:45:59.688Z,2023-04-23T09:45:59.688Z,,,,0,,public,,,,,,,,,,,0,,,,,,,,,,,
644696b4fec33464031e7dc1,post,63a948b781178b4c4af8c6f5,644696b3fec33464031e7dbd,644696b4fec33464031e7dbf,,,,2023-04-24T14:48:20.931Z,2023-04-24T14:48:20.932Z,,,,0,,public,,63552666506fee74687ceca6,,,,,,,,,0,,,,,,,,,,,
64469d2bfec33464031e7eb2,"Python is a computer programming language often used to build websites and software, automate tasks, and conduct data analysis. Python is a general-purpose language, meaning it can be used to create a variety of different programs and isn't specialized for any specific problems.",63552666506fee74687ceca6,,,,,,2023-04-24T15:15:55.798Z,2023-04-24T15:15:55.798Z,,,,0,,public,,,,,,,,,,,0,,,,,,,,,,,
64469d6dfec33464031e7ed9,"Python is a computer programming language often used to build websites and software, automate tasks, and conduct data analysis. Python is a general-purpose language, meaning it can be used to create a variety of different programs and isn't specialized for any specific problems.",63a948b781178b4c4af8c6f5,,,,,,2023-04-24T15:17:01.123Z,2023-04-24T15:17:01.123Z,,,,0,,public,,,,,,,,,,,0,,6468751b5d202dfab185a739,,,,,,,,,
64469e12fec33464031e7f02,üî•üêç,63a948b781178b4c4af8c6f5,,,,,,2023-04-24T15:19:46.873Z,2023-04-24T15:19:46.873Z,,,,0,,public,,,,,,,,,,,0,,,,,,,,,,,
64469fad1e2dbfa92193b0be,py,63a948b781178b4c4af8c6f5,,,,,,2023-04-24T15:26:37.071Z,2023-04-24T15:26:37.079Z,,,,0,,public,,,,,,,,,,,0,,,,,,,,,,,
6446a0c01e2dbfa92193b11e,py,63a948b781178b4c4af8c6f5,,,,,,2023-04-24T15:31:12.261Z,2023-04-24T15:31:12.262Z,,,,0,,public,,,,,,,,,,,0,,,,,,,,,,,
64473f8fa78b066255a86424,üÖøÔ∏èHüÖøÔ∏è,63a9471281178b4c4af8c627,,,,,,2023-04-25T02:48:47.468Z,2023-04-25T02:48:47.468Z,,,,0,,public,,,,,,,,,,,0,,,,,,,,,,,
64473fa14969351f61cd1bc9,üÖøÔ∏èHüÖøÔ∏è,63a9471281178b4c4af8c627,,,,,,2023-04-25T02:49:05.858Z,2023-04-25T02:49:05.861Z,,,,0,,public,,,,,,,,,,,0,,,,,,,,,,,
64473fe939cfcbebad499e63,üÖøÔ∏èHüÖøÔ∏è,63a9471281178b4c4af8c627,,,,,,2023-04-25T02:50:17.219Z,2023-04-25T02:50:17.223Z,,,,0,,public,,,,,,,,,,,0,,,,,,,,,,,
64474035d33887e3bc7464b8,üÖøÔ∏èHüÖøÔ∏è,63a9471281178b4c4af8c627,,,,,,2023-04-25T02:51:33.336Z,2023-04-25T02:51:33.340Z,,,,0,,public,,,,,,,,,,,0,,,,,,,,,,,
644740808a226d1186fa1fd8,üÖøÔ∏èHüÖøÔ∏è,63a9471281178b4c4af8c627,,,,,,2023-04-25T02:52:48.646Z,2023-04-25T02:52:48.649Z,,,,0,,public,,,,,,,,,,,0,,,,,,,,,,,
644740949faeb9cd37358569,üÖøÔ∏èHüÖøÔ∏è,63a9471281178b4c4af8c627,,,,,,2023-04-25T02:53:08.260Z,2023-04-25T02:53:08.263Z,,,,0,,public,,,,,,,,,,,0,,,,,,,,,,,
644740b046f7b6eb6c9a1400,üÖøÔ∏èHüÖøÔ∏è,63a9471281178b4c4af8c627,,,,,,2023-04-25T02:53:36.705Z,2023-04-25T02:53:36.708Z,,,,0,,public,,,,,,,,,,,0,,,,,,,,,,,
644740ef198a0a3094e10d2b,üÖøÔ∏èHüÖøÔ∏è,63a9471281178b4c4af8c627,,,,,,2023-04-25T02:54:39.934Z,2023-04-25T02:54:39.940Z,,,,0,,public,,,,,,,,,,,0,,,,,,,,,,,
644740fef5868120c3ed2649,üÖøÔ∏èHüÖøÔ∏è,63a9471281178b4c4af8c627,,,,,,2023-04-25T02:54:54.526Z,2023-04-25T02:54:54.530Z,,,,0,,public,,,,,,,,,,,0,,,,,,,,,,,
6447413b557d011906b8fe6c,üÖøÔ∏èHüÖøÔ∏è,63a9471281178b4c4af8c627,,,,,,2023-04-25T02:55:55.543Z,2023-04-25T02:55:55.546Z,,,,0,,public,,,,,,,,,,,0,,644b833368ba930102d55bba,64535b40b103988e98ca394f,,,,,,,,
6447418986192ac85d40cb45,üÖøÔ∏èHüÖøÔ∏è,63a9471281178b4c4af8c627,,,,,,2023-04-25T02:57:13.542Z,2023-04-25T02:57:13.545Z,,,,0,,public,,,,,,,,,,,0,,,,,,,,,,,
644741ab8dc8e4bde7b836a7,üÖøÔ∏èHüÖøÔ∏è,63a9471281178b4c4af8c627,,,,,,2023-04-25T02:57:47.773Z,2023-04-25T02:57:47.776Z,,,,0,,public,,634d65bdb3114411daa05050,,,,,,,,,0,,,,,,,,,,,
644741f3a73527611572c88c,üÖøÔ∏èHüÖøÔ∏è,63a9471281178b4c4af8c627,,,,,,2023-04-25T02:58:59.274Z,2023-04-25T02:58:59.280Z,,,,0,,public,,634d65bdb3114411daa05050,,,,,,,,,0,,,,,,,,,,,
6447423c13b4a55c1060d5bb,üÖøÔ∏èHüÖøÔ∏è,63a9471281178b4c4af8c627,,,,,,2023-04-25T03:00:12.123Z,2023-04-25T03:00:12.128Z,,,,0,,public,,634d65bdb3114411daa05050,,,,,,,,,0,,,,,,,,,,,
644742f72eac171e319e71b3,üÖøÔ∏èHüÖøÔ∏è,63a9471281178b4c4af8c627,,,,,,2023-04-25T03:03:19.034Z,2023-04-25T03:03:19.037Z,,,,0,,public,,,,,,,,,,,0,,,,,,,,,,,
644743049a1f65e8e7fe9939,üÖøÔ∏èHüÖøÔ∏è,63a9471281178b4c4af8c627,,,,,,2023-04-25T03:03:32.320Z,2023-04-25T03:03:32.323Z,,,,0,,public,,,,,,,,,,,0,,,,,,,,,,,
64474311c5f970608ffa73cf,üÖøÔ∏èHüÖøÔ∏è,63a9471281178b4c4af8c627,,,,,,2023-04-25T03:03:45.710Z,2023-04-25T03:03:45.713Z,,,,0,,public,,,,,,,,,,,0,,,,,,,,,,,
64474328c5f970608ffa73e2,üÖøÔ∏èHüÖøÔ∏è,63a9471281178b4c4af8c627,,,,,,2023-04-25T03:04:08.622Z,2023-04-25T03:04:08.623Z,,,,0,,public,,634d65bdb3114411daa05050,,,,,,,,,0,,,,,,,,,,,
64507087f0c192c08f43f60d,Top Python libraries for NLP,63a948b781178b4c4af8c6f5,64507087f0c192c08f43f60b,,,,,2023-05-02T02:08:07.169Z,2023-05-02T02:08:07.169Z,,,,0,,public,,634d65bdb3114411daa05050,63a948b781178b4c4af8c6f5,,,,,,,,0,,645a35550420222450275191,645a35be04202224502751c8,,,,,,,,
6455a87794bf4264445d358b,mkmk,63a948b781178b4c4af8c6f5,,,,,,2023-05-06T01:08:07.066Z,2023-05-06T01:08:07.067Z,,,,0,,public,,,,,,,,,,,0,,,,,,,,,,,
6455a88094bf4264445d3597,mkmk,63a948b781178b4c4af8c6f5,,,,,,2023-05-06T01:08:16.938Z,2023-05-06T01:08:16.938Z,,,,0,,public,,,,,,,,,,,0,,645ca380133577c8358d6f20,,,,,,,,,
645e4b1eb3971b35ff67728d,jkkkl,634d65bdb3114411daa05050,645e4b1eb3971b35ff67728b,,,,,2023-05-12T14:20:14.885Z,2023-05-12T14:20:14.886Z,,,,0,,public,,634d65bdb3114411daa05050,,,,,,,,,0,,,,,,,,,,,
645e4d0fb3971b35ff6772c5,Goat\n,634d65bdb3114411daa05050,645e4d0fb3971b35ff6772c3,,,,,2023-05-12T14:28:31.702Z,2023-05-12T14:28:31.703Z,,,,0,,public,,634d65bdb3114411daa05050,63a948b781178b4c4af8c6f5,,,,,,,,0,,,,,,,,,,,
645e659c40cb746432d548dd,ab\n,634d65bdb3114411daa05050,,,,,,2023-05-12T16:13:16.862Z,2023-05-12T16:13:16.863Z,,,,0,,public,,,,,,,,,,,0,,,,,,,,,,,
645ecba440cb746432d54a04,no\n,634d65bdb3114411daa05050,645ecba440cb746432d54a02,,,,,2023-05-12T23:28:36.349Z,2023-05-12T23:28:36.350Z,,,,0,,public,,,,,,,,,,,0,,64630f01ce808673018d3f3c,,,,,,,,,
645edcc39b3a5e77ae2e7b60,abba,634d65bdb3114411daa05050,645edcc39b3a5e77ae2e7b5e,,,,,2023-05-13T00:41:39.606Z,2023-05-13T00:41:39.606Z,,,,0,,public,,634d65bdb3114411daa05050,,,,,,,,,0,,64630ec6ce808673018d3f2c,,,,,,,,,
645edcc69b3a5e77ae2e7b6c,abba,634d65bdb3114411daa05050,645edcc69b3a5e77ae2e7b6a,,,,,2023-05-13T00:41:42.611Z,2023-05-13T00:41:42.612Z,,,,0,,public,,634d65bdb3114411daa05050,,,,,,,,,0,,,,,,,,,,,
645ee09c9b3a5e77ae2e7c11,b√¢b,634d65bdb3114411daa05050,645ee09c9b3a5e77ae2e7c0f,,,,,2023-05-13T00:58:04.683Z,2023-05-13T00:58:04.683Z,,,,0,,public,,63552666506fee74687ceca6,634d65bdb3114411daa05050,,,,,,,,0,,,,,,,,,,,
645ee1819b3a5e77ae2e7c1d,alo,634d65bdb3114411daa05050,645ee1819b3a5e77ae2e7c1b,,,,,2023-05-13T01:01:53.991Z,2023-05-13T01:01:53.992Z,,,,0,,public,,634d65bdb3114411daa05050,,,,,,,,,0,,,,,,,,,,,
645ee1c79b3a5e77ae2e7c3e,goat,634d65bdb3114411daa05050,645ee1c79b3a5e77ae2e7c3c,,,,,2023-05-13T01:03:03.263Z,2023-05-13T01:03:03.263Z,,,,0,,public,,634d65bdb3114411daa05050,,,,,,,,,0,,645f08e8dd6d7c8a0f35f706,645f08ebdd6d7c8a0f35f70e,645f08f5dd6d7c8a0f35f720,,,,,,,
645ef66d62b50326251efc53,Python,63552666506fee74687ceca6,,,,,,2023-05-13T02:31:09.517Z,2023-05-13T02:31:09.518Z,,,,0,,public,,634d65bdb3114411daa05050,,,,,,,,,0,,,,,,,,,,,
645ef6d262b50326251efc64,Python,63a948b781178b4c4af8c6f5,,,,,,2023-05-13T02:32:50.619Z,2023-05-13T02:32:50.619Z,,,,0,,public,,634d65bdb3114411daa05050,63a948b781178b4c4af8c6f5,,,,,,,,0,,,,,,,,,,,
645ef70e62b50326251efc84,Python,63a948b781178b4c4af8c6f5,,,,,,2023-05-13T02:33:50.588Z,2023-05-13T02:33:50.588Z,,,,0,,public,,634d65bdb3114411daa05050,63a948b781178b4c4af8c6f5,,,,,,,,0,,,,,,,,,,,
645ef72962b50326251efc93,Python,63552666506fee74687ceca6,,,,,,2023-05-13T02:34:17.244Z,2023-05-13T02:34:17.244Z,,,,0,,public,,,,,,,,,,,0,,,,,,,,,,,
645ef7ce62b50326251efd42,posst,63552666506fee74687ceca6,,,,,,2023-05-13T02:37:02.270Z,2023-05-13T02:37:02.270Z,,,,0,,public,,634d65bdb3114411daa05050,,,,,,,,,0,,,,,,,,,,,
645ef7dc62b50326251efd52,posst,63552666506fee74687ceca6,,,,,,2023-05-13T02:37:16.065Z,2023-05-13T02:37:16.065Z,,,,0,,public,,,,,,,,,,,0,,,,,,,,,,,
645ef7ed62b50326251efd70,posst,63552666506fee74687ceca6,,,,,,2023-05-13T02:37:33.233Z,2023-05-13T02:37:33.233Z,,,,0,,public,,634d65bdb3114411daa05050,,,,,,,,,0,,645f021bd3b893dba4744fac,64673689f540fcecf369ba52,,,,,,,,
645f0b70dd6d7c8a0f35f80c,ok,63552666506fee74687ceca6,645f0b70dd6d7c8a0f35f80a,,,,,2023-05-13T04:00:48.326Z,2023-05-13T04:00:48.326Z,,,,0,,public,,634d65bdb3114411daa05050,,,,,,,,,0,,645f0b93dd6d7c8a0f35f836,6469afcdfe768cafbe3f920b,,,,,,,,
645f6829dd6d7c8a0f35fb85,mypost,63a948b781178b4c4af8c6f5,,,,,,2023-05-13T10:36:25.334Z,2023-05-13T10:36:25.335Z,,,,0,,public,,634d65bdb3114411daa05050,,,,,,,,,0,,64621760204de1178595224c,,,,,,,,,
64630ea1ce808673018d3f03,‚†Ä‚†Ä‚†Ä‚†Ä‚†Ä‚†Ä‚†Ä‚†Ä‚†Ä‚†Ä‚†Ä‚†Ä‚†Ä‚†Ä‚¢Ä‚£†‚£¥‚£∂‚£æ‚£ø‚£ø‚£ø‚£ø‚£∂‚£¶‚£§‚£Ä‚°Ä‚†Ä‚†Ä‚†Ä‚†Ä‚†Ä‚†Ä‚†Ä‚†Ä‚†Ä‚†Ä‚†Ä‚†Ä‚†Ä‚†Ä‚†Ä\n‚†Ä‚†Ä‚†Ä‚†Ä‚†Ä‚†Ä‚†Ä‚†Ä‚†Ä‚†Ä‚†Ä‚†Ä‚¢Ä‚£æ‚£ø‚£ø‚£ø‚£ø‚£ø‚¢ø‚£ø‚£ø‚£ø‚£Ω‚£ø‚£ø‚£ø‚£ø‚£∑‚£§‚°Ä‚†Ä‚†Ä‚†Ä‚†Ä‚†Ä‚†Ä‚†Ä‚†Ä‚†Ä‚†Ä‚†Ä‚†Ä\n‚†Ä‚†Ä‚†Ä‚†Ä‚†Ä‚†Ä‚†Ä‚†Ä‚†Ä‚†Ä‚†Ä‚£Ä‚£æ‚£ø‚£ø‚£ø‚£ø‚£ø‚£ø‚¢ø‚°ø‚£ø‚£ø‚£ø‚£ø‚£ø‚£ø‚£ø‚£ü‚£ø‚°ø‚£¶‚°Ä‚†Ä‚†Ä‚†Ä‚†Ä‚†Ä‚†Ä‚†Ä‚†Ä‚†Ä‚†Ä\n‚†Ä‚†Ä‚†Ä‚†Ä‚†Ä‚†Ä‚†Ä‚†Ä‚†Ä‚†Ä‚£º‚£ø‚£ø‚£ø‚£ø‚†ü‚†â‚†Å‚†Ä‚†Ä‚†Ä‚†Ä‚†Ä‚†â‚†à‚†â‚†õ‚†õ‚¢ø‚£ø‚£ø‚¢ø‚£ß‚†Ä‚†Ä‚†Ä‚†Ä‚†Ä‚†Ä‚†Ä‚†Ä‚†Ä‚†Ä\n‚†Ä‚†Ä‚†Ä‚†Ä‚†Ä‚†Ä‚†Ä‚†Ä‚¢Ä‚£æ‚£ø‚£ø‚£ø‚£ø‚†è‚†Ä‚†Ä‚†Ä‚†Ä‚†Ä‚†Ä‚†Ä‚†Ä‚†Ä‚†Ä‚†Ä‚†Ä‚†Ä‚†Ä‚¢π‚£ø‚£ø‚£ø‚£Ü‚†Ä‚†Ä‚†Ä‚†Ä‚†Ä‚†Ä‚†Ä‚†Ä‚†Ä\n‚†Ä‚†Ä‚†Ä‚†Ä‚†Ä‚†Ä‚†Ä‚†Ä‚¢ª‚£ø‚£ø‚£ø‚£ø‚°ø‚†Å‚†Ä‚†Ä‚†Ä‚†Ä‚†Ä‚†Ä‚†Ä‚†Ä‚†Ä‚†Ä‚†Ä‚†Ä‚†Ä‚†Ä‚†Ä‚¢ø‚£ø‚£ø‚£ø‚†Ä‚†Ä‚†Ä‚†Ä‚†Ä‚†Ä‚†Ä‚†Ä‚†Ä\n‚†Ä‚†Ä‚†Ä‚†Ä‚†Ä‚†Ä‚†Ä‚†Ä‚†∏‚¢ª‚£ø‚£ø‚°ü‚¢Å‚°¥‚†∂‚†∂‚£∂‚£∂‚£§‚°Ä‚†Ä‚†Ä‚†Ä‚¢Ä‚£§‚£§‚£Ñ‚£Ä‚£Ä‚¢∏‚£ø‚£ø‚£ø‚†á‚†Ä‚†Ä‚†Ä‚†Ä‚†Ä‚†Ä‚†Ä‚†Ä\n‚†Ä‚†Ä‚†Ä‚†Ä‚†Ä‚†Ä‚†Ä‚†Ä‚†Ä‚¢∏‚£ø‚£ø‚£∑‚°è‚¢Ä‚£¥‚£∂‚£≤‚¢ø‚£ø‚†Ü‚†Ä‚†Ä‚¢†‚£ø‚£ø‚£≠‚£•‚£Ñ‚°â‚¢≥‚°ü‚£ø‚£ø‚°Ü‚†Ä‚†Ä‚†Ä‚†Ä‚†Ä‚†Ä‚†Ä‚†Ä\n‚†Ä‚†Ä‚†Ä‚†Ä‚†Ä‚†Ä‚†Ä‚†Ä‚†Ä‚†∏‚£ø‚£ø‚°ø‚†É‚†à‚†õ‚†Ä‚†Ä‚†Ä‚†Ä‚†Ä‚†Ä‚†Ä‚†Ä‚†à‚†Å‚†â‚†â‚†π‚†ó‚†ô‚°á‚£ø‚£ø‚†Ä‚†Ä‚†Ä‚†Ä‚†Ä‚†Ä‚†Ä‚†Ä‚†Ä\n‚†Ä‚†Ä‚†Ä‚†Ä‚†Ä‚†Ä‚†Ä‚†Ä‚¢Ä‚°Ñ‚¢ø‚£ø‚†Å‚†Ä‚†Ä‚†Ä‚†Ä‚†Ä‚†Ä‚†Ä‚£Ä‚†Ä‚†Ä‚†Ä‚†Ä‚†Ä‚†Ä‚†Ä‚†Ä‚†Ä‚†Ä‚†Ä‚£ø‚°á‚†Ä‚†Ä‚†Ä‚†Ä‚†Ä‚†Ä‚†Ä‚†Ä‚†Ä\n‚†Ä‚†Ä‚†Ä‚†Ä‚†Ä‚†Ä‚†Ä‚†Ä‚°∫‚°ø‚£ø‚£ø‚°Ñ‚†Ä‚†Ä‚†Ä‚†Ä‚†Ä‚†Ä‚¢∂‚£æ‚†ø‚†∂‚†∑‚£∂‚†Ä‚†Ä‚†Ä‚†Ä‚†Ä‚†Ä‚¢†‚£ø‚£µ‚£ø‚°Ä‚†Ä‚†Ä‚†Ä‚†Ä‚†Ä‚†Ä‚†Ä\n‚†Ä‚†Ä‚†Ä‚†Ä‚†Ä‚†Ä‚†Ä‚†Ä‚£ø‚°Ä‚¢ª‚£ø‚£∑‚†Ä‚†Ä‚†Ä‚†Ä‚†Ä‚†Ä‚†Ä‚†Å‚†Ä‚†Ä‚†Ä‚†Å‚†Ä‚†Ä‚†Ä‚†Ä‚†Ä‚†Ä‚£º‚£ø‚°ã‚¢è‚°É‚†Ä‚†Ä‚†Ä‚†Ä‚†Ä‚†Ä‚†Ä\n‚†Ä‚†Ä‚†Ä‚†Ä‚†Ä‚†Ä‚†Ä‚†Ä‚†à‚¢ø‚†ø‚£ø‚£ü‚†Ä‚†Ä‚†Ä‚†Ä‚†Ä‚¢Ä‚°¥‚†ñ‚†ö‚†õ‚†ì‚†∂‚£§‚°Ä‚†Ä‚†Ä‚†Ä‚†Ä‚¢∏‚£ø‚£¶‚†ü‚†Ä‚†Ä‚†Ä‚†Ä‚†Ä‚†Ä‚†Ä‚†Ä\n‚†Ä‚†Ä‚†Ä‚†Ä‚†Ä‚†Ä‚†Ä‚†Ä‚†Ä‚†Ä‚†ê‚†õ‚£ø‚†Ä‚†Ä‚†Ä‚†Ä‚†Ä‚†Ä‚†Ä‚†ê‚¢¶‚£§‚£§‚°¶‚†à‚†Ä‚†Ä‚†Ä‚†Ä‚†Ä‚£∏‚†∑‚†ã‚†Ä‚†Ä‚†Ä‚†Ä‚†Ä‚†Ä‚†Ä‚†Ä‚†Ä\n‚†Ä‚†Ä‚†Ä‚†Ä‚†Ä‚†Ä‚†Ä‚†Ä‚†Ä‚†Ä‚†Ä‚†Ä‚£ø‚£¶‚£Ä‚†Ä‚°Ä‚†Ä‚†Ä‚†Ä‚†Ä‚†Ä‚†Ä‚†Ä‚†Ä‚†Ä‚†Ä‚†Ä‚†Ä‚£∞‚£®‚°è‚†Ä‚†Ä‚†Ä‚†Ä‚†Ä‚†Ä‚†Ä‚†Ä‚†Ä‚†Ä‚†Ä\n‚†Ä‚†Ä‚†Ä‚†Ä‚†Ä‚†Ä‚†Ä‚†Ä‚†Ä‚†Ä‚†Ä‚†Ä‚¢π‚£ø‚£ø‚£∑‚£º‚£¶‚°Ä‚†Ä‚†Ä‚†Ä‚†Ä‚†Ä‚†Ä‚†Ä‚£Ä‚£§‚£∂‚£ø‚£ø‚°á‚†Ä‚†Ä‚†Ä‚†Ä‚†Ä‚†Ä‚†Ä‚†Ä‚†Ä‚†Ä‚†Ä\n‚†Ä‚†Ä‚†Ä‚†Ä‚†Ä‚†Ä‚†Ä‚†Ä‚†Ä‚†Ä‚†Ä‚†Ä‚¢∏‚£ø‚£ø‚£ø‚£ø‚£ø‚£ø‚£∑‚£∂‚£¶‚£∂‚£∂‚£∂‚£æ‚£ø‚£ø‚£ø‚£ø‚¢ø‚°á‚†Ä‚†Ä‚†Ä‚†Ä‚†Ä‚†Ä‚†Ä‚†Ä‚†Ä‚†Ä‚†Ä\n‚†Ä‚†Ä‚†Ä‚†Ä‚†Ä‚†Ä‚†Ä‚†Ä‚†Ä‚†Ä‚†Ä‚†Ä‚¢∏‚£ø‚†ü‚†ø‚£ø‚£ø‚£ø‚£ø‚£ø‚£ø‚£ø‚£ø‚£ø‚£ø‚£ø‚£ø‚°ø‚†ã‚†Ä‚°á‚†Ä‚†Ä‚†Ä‚†Ä‚†Ä‚†Ä‚†Ä‚†Ä‚†Ä‚†Ä‚†Ä\n‚†Ä‚†Ä‚†Ä‚†Ä‚†Ä‚†Ä‚†Ä‚†Ä‚†Ä‚†Ä‚†Ä‚†Ä‚¢∏‚°á‚†Ä‚†Ä‚†à‚¢ø‚°ø‚†õ‚†õ‚†õ‚†õ‚†õ‚†õ‚†õ‚†â‚†â‚†Ä‚†Ä‚†Ä‚£á‚†Ä‚†Ä‚†Ä‚†Ä‚†Ä‚†Ä‚†Ä‚†Ä‚†Ä‚†Ä‚†Ä\n‚†Ä‚†Ä‚†Ä‚†Ä‚†Ä‚†Ä‚†Ä‚†Ä‚†Ä‚†Ä‚†Ä‚†Ä‚¢∏‚°á‚†Ä‚†Ä‚†Ä‚†à‚£∑‚°Ñ‚†Ä‚†Ä‚†Ä‚†Ä‚†Ä‚†Ä‚†Ä‚†Ä‚†Ä‚†Ä‚†Ä‚¢∏‚†Ä‚†Ä‚†Ä‚†Ä‚†Ä‚†Ä‚†Ä‚†Ä‚†Ä‚†Ä‚†Ä\n‚†Ä‚†Ä‚†Ä‚†Ä‚†Ä‚†Ä‚†Ä‚†Ä‚†Ä‚†Ä‚†Ä‚¢Ä‚£æ‚°á‚†Ä‚†Ä‚†Ä‚†Ä‚†à‚†ª‚¢∑‚£§‚£Ä‚°¥‚†ö‚†Ä‚†Ä‚†Ä‚†Ä‚†Ä‚†Ä‚£æ‚°Ñ‚†Ä‚†Ä‚†Ä‚†Ä‚†Ä‚†Ä‚†Ä‚†Ä‚†Ä‚†Ä\n‚†Ä‚†Ä‚†Ä‚†Ä‚†Ä‚†Ä‚†Ä‚†Ä‚†Ä‚£Ä‚¢¥‚£æ‚£ø‚†Å‚†Ä‚†Ä‚†Ä‚†Ä‚†Ä‚†Ä‚†Ä‚†õ‚†ã‚†Å‚†Ä‚†Ä‚†Ä‚†Ä‚†Ä‚†Ä‚†Ä‚£ø‚£ø‚¢¶‚°Ä‚†Ä‚†Ä‚†Ä‚†Ä‚†Ä‚†Ä‚†Ä‚†Ä\n‚†Ä‚†Ä‚†Ä‚†Ä‚†Ä‚†Ä‚¢Ä‚£†‚¢û‚°Ö‚†à‚¢ø‚£ø‚£¶‚°Ä‚†Ä‚†Ä‚†Ä‚†Ä‚†Ä‚†Ä‚†Ä‚†Ä‚†Ä‚†Ä‚†Ä‚†Ä‚†Ä‚†Ä‚¢Ä‚£∞‚°ø‚†É‚†Ä‚£å‚†≤‚¢Ñ‚°Ä‚†Ä‚†Ä‚†Ä‚†Ä‚†Ä\n‚†Ä‚†Ä‚†Ä‚†Ä‚£Ä‚¢¥‚£´‚†æ‚†ã‚†Ä‚†Ä‚†Ä‚†à‚†õ‚¢ø‚£∑‚£¶‚£Ä‚†Ä‚†Ä‚†Ä‚†Ä‚†Ä‚†Ä‚†Ä‚†Ä‚¢Ä‚£§‚†æ‚†ü‚†â‚†Ä‚†Ä‚†Ä‚†à‚†≥‚¢§‚°â‚†í‚¢§‚£Ä‚†Ä‚†Ä\n‚£Ä‚†§‚¢ñ‚£Æ‚†∑‚†õ‚†Å‚†Ä‚†Ä‚†Ä‚†Ä‚†Ä‚†Ä‚†Ä‚†Ä‚†Ä‚†â‚†â‚†õ‚†ì‚†í‚†í‚†í‚†í‚†í‚†â‚†Å‚†Ä‚†Ä‚†Ä‚†Ä‚†Ä‚†Ä‚†Ä‚†Ä‚†Ä‚†Ä‚†â‚†≥‚¢§‚£à‚†ë‚†≤\n‚£∑‚†∂‚†ã‚†Å‚†Ä‚†Ä‚†Ä‚†Ä‚†Ä‚†Ä‚†Ä‚†Ä‚†Ä‚†Ä‚†Ä‚†Ä‚†Ä‚†Ä‚†Ä‚†Ä‚†Ä‚†Ä‚†Ä‚†Ä‚†Ä‚†Ä‚†Ä‚†Ä‚†Ä‚†Ä‚†Ä‚†Ä‚†Ä‚†Ä‚†Ä‚†Ä‚†Ä‚†Ä‚†Ä‚†Ä‚†â‚†≥‚°æ\n‚†Ä‚†Ä‚†Ä‚†Ä‚†Ä‚†Ä‚†Ä‚†Ä‚†Ä‚†Ä‚†Ä‚†Ä‚†Ä‚†Ä‚†Ä‚†Ä‚†Ä‚†Ä‚†Ä‚†Ä‚†Ä‚†Ä‚†Ä‚†Ä‚†Ä‚†Ä‚†Ä‚†Ä‚†Ä‚†Ä‚†Ä‚†Ä‚†Ä‚†Ä‚†Ä‚†Ä‚†Ä‚†Ä‚†Ä‚†Ä‚†Ä‚†Ä‚†Ä\n‚†Ä‚†Ä‚†Ä‚†Ä‚†Ä‚†Ä‚†Ä‚†Ä‚†Ä‚†Ä‚†Ä‚†Ä‚†Ä‚†Ä‚†Ä‚†Ä‚†Ä‚†Ä‚†Ä‚†Ä‚†Ä‚†Ä‚†Ä‚†Ä‚†Ä‚†Ä‚†Ä‚†Ä‚†Ä‚†Ä‚†Ä‚†Ä‚†Ä‚†Ä‚†Ä‚†Ä‚†Ä‚†Ä‚†Ä‚†Ä‚†Ä‚†Ä‚†Ä\n‚†Ä‚†Ä‚†Ä‚†Ä‚†Ä‚†Ä‚†Ä‚†Ä‚†Ä‚†Ä‚†Ä‚†Ä‚†Ä‚†Ä‚†Ä‚†Ä‚†Ä‚†Ä‚†Ä‚†Ä‚†Ä‚†Ä‚†Ä‚†Ä‚†Ä‚†Ä‚†Ä‚†Ä‚†Ä‚†Ä‚†Ä‚†Ä‚†Ä‚†Ä‚†Ä‚†Ä‚†Ä‚†Ä‚†Ä‚†Ä‚†Ä‚†Ä‚†Ä\n‚£Ä‚£Ä‚£Ä‚£Ä‚£Ä‚£Ä‚£Ä‚£Ä‚£Ä‚£Ä‚£Ä‚£Ä‚£Ä‚£Ä‚£Ä‚£Ä‚£Ä‚£Ä‚£Ä‚£Ä‚£Ä‚£Ä‚£Ä‚£Ä‚£Ä‚£Ä‚£Ä‚£Ä‚£Ä‚£Ä‚£Ä‚£Ä‚£Ä‚£Ä‚£Ä‚£Ä‚£Ä‚£Ä‚£Ä‚£Ä‚£Ä‚£Ä‚°Ñ\n‚¢Ω‚£ø‚£ø‚†õ‚¢ª‚£ø‚£ø‚£ø‚£ø‚†õ‚†õ‚†õ‚†õ‚¢ª‚£ø‚£ø‚†ø‚†õ‚†õ‚†ø‚£ø‚°ü‚†õ‚†õ‚†õ‚†õ‚£ø‚°ü‚¢ø‚£ø‚£ø‚£ø‚†õ‚¢ª‚°ü‚†õ‚†õ‚†õ‚†ª‚£ø‚£ø‚£ø‚°á\n‚¢∏‚£ø‚£ø‚†Ä‚¢∏‚£ø‚£ø‚£ø‚£ø‚†Ä‚¢ø‚£ø‚£ø‚£ø‚°ø‚†Å‚£¥‚£∂‚£∂‚£æ‚£ø‚°á‚†Ä‚£ø‚£ø‚£ø‚£ø‚°è‚¢Ä‚†ô‚¢ø‚£ø‚†Ä‚¢∏‚°á‚†Ä‚£∑‚£∑‚£Ü‚†à‚¢ø‚£ø‚°á\n‚¢∏‚£ø‚£ø‚†Ä‚¢∏‚£ø‚£ø‚£ø‚£ø‚†Ä‚¢§‚£§‚£¥‚£ø‚£ß‚†Ä‚¢ø‚£ø‚£§‚†Ä‚£ø‚°á‚†Ä‚£§‚£§‚£º‚£ø‚°á‚†Ä‚£∑‚£Ñ‚†ô‚†Ä‚¢∏‚°á‚†Ä‚£ø‚£ø‚°ü‚†Ä‚£∏‚£ø‚°á\n‚¢∏‚£ø‚£ø‚£Ä‚£à‚£â‚£â‚£â‚£ø‚£Ä‚£à‚£â‚£â‚£π‚£ø‚£∑‚£Ñ‚£à‚£Å‚£§‚£ø‚£á‚£Ä‚£â‚£â‚£â‚£ø‚£á‚£Ä‚£ø‚£ø‚£∑‚£Ñ‚£∏‚£ß‚£Ä‚£â‚£â‚£Ä‚£¥‚£ø‚£ø‚°á,634d65bdb3114411daa05050,,,,,,2023-05-16T05:03:29.765Z,2023-05-16T05:03:29.765Z,,,,0,,public,,634d65bdb3114411daa05050,,,,,,,,,0,,,,,,,,,,,
6463426d5e47b2316c9a584b,mypost,63a948b781178b4c4af8c6f5,,,,,,2023-05-16T08:44:29.237Z,2023-05-16T08:44:29.238Z,,,,0,,public,,634d65bdb3114411daa05050,,,,,,,,,0,,6464749b5e47b2316c9a5be4,,,,,,,,,
646454415e47b2316c9a5ba7,https://support.google.com/youtube/answer/1646861?hl=vi,634d65bdb3114411daa05050,,,,,,2023-05-17T04:12:49.735Z,2023-05-17T04:12:49.736Z,,,,0,,public,,634d65bdb3114411daa05050,,,,,,,,,0,,,,,,,,,,,
64649cc79e588bbdd2c8c89d,js\n,634d65bdb3114411daa05050,64649cc69e588bbdd2c8c899,64649cc79e588bbdd2c8c89b,,,,2023-05-17T09:22:15.641Z,2023-05-17T09:22:15.641Z,,,,0,,public,,634d65bdb3114411daa05050,,,,,,,,,0,,64672669f540fcecf369b89b,64672670f540fcecf369b8a3,6468e9f3fe768cafbe3f8f11,,,,,,,
64658c19054f592ee27f78f4,mypost,63a948b781178b4c4af8c6f5,,,,,,2023-05-18T02:23:21.903Z,2023-05-18T02:23:21.903Z,,,,0,,public,,634d65bdb3114411daa05050,,,,,,,,,0,,6468ea69fe768cafbe3f8f34,,,,,,,,,
6469c470fe768cafbe3f93f7,bsfhin hyy\njuii,634d65bdb3114411daa05050,,,,,,2023-05-21T07:12:48.198Z,2023-05-21T07:12:48.199Z,,,,0,,public,,634d65bdb3114411daa05050,,,,,,,,,0,,648bf94b93b625adbe70f68e,,,,,,,,,
646aed142df2e2c331d0b64d,dtt,634d65bdb3114411daa05050,,,,,,2023-05-22T04:18:28.602Z,2023-05-22T04:18:28.605Z,,,,0,,private,,,,,,,,,,,0,,,,,,,,,,,
646aed382df2e2c331d0b66c,free,634d65bdb3114411daa05050,,,,,,2023-05-22T04:19:04.104Z,2023-05-22T04:19:04.105Z,,,,0,,public,,,,,,,,,,,0,,,,,,,,,,,
646af0592df2e2c331d0b722,,634d65bdb3114411daa05050,646af0592df2e2c331d0b720,,,,,2023-05-22T04:32:25.751Z,2023-05-22T04:32:25.752Z,,,,0,,public,,63a0552a5e937730e63be0f8,,,,,,,,,0,,,,,,,,,,,
646afbfc2df2e2c331d0b8a9,,634d65bdb3114411daa05050,646afbfc2df2e2c331d0b8a7,,,,,2023-05-22T05:22:04.936Z,2023-05-22T05:22:04.936Z,,,,0,,public,,,,,,,,,,,0,,,,,,,,,,,
646b3b4c2df2e2c331d0bd17,,634d65bdb3114411daa05050,646b3b4c2df2e2c331d0bd15,,,,,2023-05-22T09:52:12.598Z,2023-05-22T09:52:12.598Z,,,,0,,public,,634d65bdb3114411daa05050,,,,,,,,,0,,,,,,,,,,,
646b3b892df2e2c331d0bd49,ü¶Ä,634d65bdb3114411daa05050,,,,,,2023-05-22T09:53:13.734Z,2023-05-22T09:53:13.734Z,,,,0,,public,,,,,,,,,,,0,,,,,,,,,,,
646b3bf82df2e2c331d0bd88,g,634d65bdb3114411daa05050,,,,,,2023-05-22T09:55:04.782Z,2023-05-22T09:55:04.783Z,,,,0,,public,,634d65bdb3114411daa05050,,,,,,,,,0,,,,,,,,,,,
646b3f1e2df2e2c331d0bea0,Top front end framework/libary:\nReact\nVueJs\nAngular\nSvetle\nSolidJs,63a944be81178b4c4af8c4fa,646b3f1b2df2e2c331d0be96,646b3f1c2df2e2c331d0be98,646b3f1c2df2e2c331d0be9a,646b3f1d2df2e2c331d0be9c,646b3f1e2df2e2c331d0be9e,2023-05-22T10:08:30.324Z,2023-05-22T10:08:30.325Z,,,,0,,public,,634d65bdb3114411daa05050,,,,,,,,,0,,646b813d9c47abce672af202,646c6e2e9c47abce672af6cf,649ea6ccc5fb8d8fc1d35124,649ea859c5fb8d8fc1d35209,649ea9b6c5fb8d8fc1d352cf,649f0fd2c5fb8d8fc1d3570f,649f0fe9c5fb8d8fc1d35735,,,
646b545a2df2e2c331d0c1f5,T√ä LI·ªÜT!!!!!!!11,63552666506fee74687ceca6,,,,,,2023-05-22T11:39:06.996Z,2023-05-22T11:39:06.997Z,,,,0,,public,,634d65bdb3114411daa05050,,,,,,,,,0,,,,,,,,,,,
64926773f5cfd8bbe29893c7,New,634d65bdb3114411daa05050,,,,,,2023-06-21T02:58:59.606Z,2023-06-21T02:58:59.609Z,,,,0,,public,,634d65bdb3114411daa05050,,,,,,,,,0,,,,,,,,,,,
64926792f5cfd8bbe29893d5,b√†i,634d65bdb3114411daa05050,64926792f5cfd8bbe29893d3,,,,,2023-06-21T02:59:30.286Z,2023-06-21T02:59:30.286Z,,,,0,,public,,634d65bdb3114411daa05050,,,,,,,,,0,,,,,,,,,,,
649267b6f5cfd8bbe29893f8,Vi·∫øt,634d65bdb3114411daa05050,,,,,,2023-06-21T03:00:06.503Z,2023-06-21T03:00:06.504Z,,,,0,,public,,634d65bdb3114411daa05050,,,,,,,,,0,,,,,,,,,,,
649267f5f5cfd8bbe2989476,alo,634d65bdb3114411daa05050,,,,,,2023-06-21T03:01:09.024Z,2023-06-21T03:01:09.025Z,,,,0,,public,,634d65bdb3114411daa05050,,,,,,,,,0,,,,,,,,,,,
6492bf039fafd9a4378d7868,test,634d65bdb3114411daa05050,,,,,,2023-06-21T09:12:35.664Z,2023-06-21T09:12:35.665Z,,,,0,,public,,,,,,,,,,,0,,,,,,,,,,,
6492bf0a9fafd9a4378d7874,test,634d65bdb3114411daa05050,,,,,,2023-06-21T09:12:42.376Z,2023-06-21T09:12:42.376Z,,,,0,,public,,,,,,,,,,,0,,,,,,,,,,,
6492bf239fafd9a4378d78a1,new,634d65bdb3114411daa05050,,,,,,2023-06-21T09:13:07.775Z,2023-06-21T09:13:07.776Z,,,,0,,public,,,,,,,,,,,0,,,,,,,,,,,
6492bf569fafd9a4378d78bf,svelt ,634d65bdb3114411daa05050,6492bf569fafd9a4378d78bd,,,,,2023-06-21T09:13:58.627Z,2023-06-21T09:13:58.628Z,,,,0,,friend,,,,,,,,,,,0,,,,,,,,,,,
6492bf7d9fafd9a4378d7911,nonbiono,634d65bdb3114411daa05050,6492bf7c9fafd9a4378d790f,,,,,2023-06-21T09:14:37.116Z,2023-06-21T09:14:37.116Z,,,,0,,public,,63a948b781178b4c4af8c6f5,634d65bdb3114411daa05050,,,,,,,,0,,649e9cd2c5fb8d8fc1d34e0e,,,,,,,,,
6492bf999fafd9a4378d792f,Italia,634d65bdb3114411daa05050,6492bf999fafd9a4378d792d,,,,,2023-06-21T09:15:05.488Z,2023-06-21T09:15:05.488Z,,,,0,,public,,634d65bdb3114411daa05050,,,,,,,,,0,,649d934471f28d1a0945c7b1,649d9e4171f28d1a0945c969,649dab0a71f28d1a0945cc4a,649dad7471f28d1a0945cd06,64a147282ef247ab07dc5ae6,,,,,
649db56271f28d1a0945ce61,#ff nm,634d65bdb3114411daa05050,,,,,,2023-06-29T16:46:26.922Z,2023-06-29T16:46:26.923Z,,,,0,,public,,634d65bdb3114411daa05050,63a948b781178b4c4af8c6f5,,,,,,,,0,,,,,,,,,,,
649db75f71f28d1a0945cf60,#lol,634d65bdb3114411daa05050,,,,,,2023-06-29T16:54:55.575Z,2023-06-29T16:54:55.575Z,,,,0,,public,,,,,,,,,,,0,,,,,,,,,,,
649db78a71f28d1a0945cf71,ggwp,634d65bdb3114411daa05050,,,,,,2023-06-29T16:55:38.537Z,2023-06-29T16:55:38.537Z,,,,0,,public,,,,,,,,,,,0,,,,,,,,,,,
649db7dc71f28d1a0945cf94,jnm,634d65bdb3114411daa05050,,,,,,2023-06-29T16:57:00.620Z,2023-06-29T16:57:00.620Z,,,,0,,public,,,,,,,,,,,0,,,,,,,,,,,
649db8a471f28d1a0945cfbb,g,634d65bdb3114411daa05050,,,,,,2023-06-29T17:00:20.474Z,2023-06-29T17:00:20.474Z,,,,0,,public,,,,,,,,,,,0,,,,,,,,,,,
649db8a571f28d1a0945cfbd,g,634d65bdb3114411daa05050,,,,,,2023-06-29T17:00:21.318Z,2023-06-29T17:00:21.319Z,,,,0,,public,,,,,,,,,,,0,,,,,,,,,,,
649e94bfc5fb8d8fc1d34c9b,nopper,634d65bdb3114411daa05050,649e94bfc5fb8d8fc1d34c99,,,,,2023-06-30T08:39:27.253Z,2023-06-30T08:39:27.253Z,,,,0,,public,,634d65bdb3114411daa05050,,,,,,,,,0,,,,,,,,,,,
64a188941a3c7b4471501d55,#bakka akakka,634d65bdb3114411daa05050,,,,,,2023-07-02T14:24:20.261Z,2023-07-02T14:24:20.261Z,,,,0,,public,,,,,,,,,,,0,,,,,,,,,,,
64a23cf29715a9d47a7abcfd,#react test,634d65bdb3114411daa05050,,,,,,2023-07-03T03:13:54.687Z,2023-07-03T03:13:54.689Z,,,,0,,public,,,,,,,,,,,0,,,,,,,,,#react,,
64a23d1fc28c0f8ef9e8c475,#react test,634d65bdb3114411daa05050,,,,,,2023-07-03T03:14:39.348Z,2023-07-03T03:14:39.351Z,,,,0,,public,,,,,,,,,,,0,,,,,,,,,#react,,
64a23d56c28c0f8ef9e8c483,#react test @react,634d65bdb3114411daa05050,,,,,,2023-07-03T03:15:34.597Z,2023-07-03T03:15:34.598Z,,,,0,,public,,63a0552a5e937730e63be0f8,,,,,,,,,0,,,,,,,,,#react,,@react
